"Time_Iter","Outer_Iter","Inner_Iter",    "rms[Rho]"    ,    "rms[RhoU]"   ,    "rms[RhoV]"   ,    "rms[RhoE]"   
          0,           0,           0,      -3.835886455,      -3.915833402,      -3.755569174,      -3.239509311
          0,           0,           1,      -3.942752053,      -3.895963573,      -3.862172027,      -3.334943588
          0,           0,           2,      -3.999424402,      -3.979869224,       -3.91745985,      -3.400913306
          0,           0,           3,      -3.962938753,      -3.937657078,       -3.92334036,      -3.365688779
          0,           0,           4,      -3.980205898,      -3.955159401,      -3.971645457,      -3.386285284
          0,           0,           5,      -4.009141977,       -3.98699514,      -4.011992307,      -3.420984759
          0,           0,           6,      -4.016061154,      -3.991431925,      -4.016967955,      -3.428304611
          0,           0,           7,      -4.021803879,      -3.985086598,      -4.027426929,      -3.427519939
          0,           0,           8,      -4.043791664,      -3.989335332,      -4.054625087,      -3.443872175
          0,           0,           9,      -4.076163842,      -4.008120503,      -4.091053903,      -3.475981058
          0,           0,          10,      -4.112207492,      -4.036836566,      -4.135306607,      -3.515751587
          0,           0,          11,      -4.152202066,         -4.070288,      -4.184858037,      -3.559263873
          0,           0,          12,      -4.196112638,      -4.105949216,      -4.233727901,      -3.604456439
          0,           0,          13,       -4.23991238,      -4.140899795,      -4.279822125,      -3.648186777
          0,           0,          14,      -4.280621057,      -4.172332726,      -4.325691902,      -3.688911304
          0,           0,          15,      -4.319821136,      -4.200368181,      -4.373304829,      -3.728525936
          0,           0,          16,      -4.360150947,      -4.226605791,      -4.422495989,      -3.769272619
          0,           0,          17,      -4.401459069,      -4.251469641,      -4.472171424,      -3.810738026
          0,           0,          18,      -4.441158708,      -4.274517088,      -4.520496307,       -3.85044347
          0,           0,          19,      -4.476918084,      -4.295654373,      -4.565859131,      -3.886404037
          0,           0,          20,      -4.508368107,      -4.315364832,      -4.608915145,      -3.918494432
          0,           0,          21,      -4.536139792,      -4.334497663,      -4.652026904,      -3.947530537
          0,           0,          22,      -4.560610709,      -4.353419917,      -4.696405176,      -3.974504428
          0,           0,          23,      -4.582117313,      -4.371706501,      -4.740651358,       -3.99959496
          0,           0,          24,      -4.599768554,      -4.388677443,      -4.782287106,      -4.020716686
          0,           0,          25,      -4.612071461,      -4.404017134,      -4.820167878,       -4.03578024
          0,           0,          26,      -4.618661633,      -4.417835934,      -4.854495905,      -4.045016271
          0,           0,          27,      -4.625678909,      -4.430479854,      -4.885916993,      -4.054170028
          0,           0,          28,      -4.636182227,      -4.442066256,      -4.914887272,      -4.065664572
          0,           0,          29,      -4.649408419,      -4.452232884,      -4.941715873,      -4.078302161
          0,           0,          30,      -4.655323744,      -4.460678789,      -4.966157697,      -4.082548432
          0,           0,          31,      -4.633964956,      -4.468204978,      -4.987026424,       -4.06083472
          0,           0,          32,      -4.585151704,      -4.476378767,      -5.003106537,      -4.015167736
          0,           0,          33,      -4.534896658,      -4.485698252,      -5.014679218,       -3.97059443
          0,           0,          34,      -4.506434187,      -4.494658953,      -5.023628846,      -3.948330369
          0,           0,          35,      -4.508455965,      -4.501834102,      -5.030714574,      -3.955350351
          0,           0,          36,      -4.533578058,      -4.508008067,      -5.035187181,      -3.982901227
          0,           0,          37,      -4.556315193,      -4.515115078,      -5.036670749,      -4.004168668
          0,           0,          38,       -4.56324813,      -4.523930931,      -5.038344717,      -4.009254565
          0,           0,          39,      -4.568854799,      -4.533951734,      -5.043895007,      -4.015681732
          0,           0,          40,      -4.585607986,       -4.54388602,      -5.054504337,      -4.034418402
          0,           0,          41,      -4.613726998,      -4.553156712,      -5.068932359,      -4.064284232
          0,           0,          42,      -4.650639411,      -4.562397117,      -5.086482681,      -4.101974061
          0,           0,          43,      -4.686095726,      -4.572024648,      -5.105629636,      -4.137531811
          0,           0,          44,      -4.720804096,      -4.581799153,      -5.125122438,      -4.172258567
          0,           0,          45,      -4.758010466,      -4.591274282,      -5.144666541,      -4.209183418
          0,           0,          46,       -4.80020135,      -4.600178806,       -5.16404963,      -4.249877361
          0,           0,          47,      -4.841502195,      -4.608564533,      -5.182202263,      -4.287818284
          0,           0,          48,          -4.87805,      -4.616627522,      -5.198670896,      -4.319271334
          0,           0,          49,      -4.905884513,      -4.624487412,      -5.213461682,      -4.341196135
          0,           0,          50,      -4.921254757,      -4.632168953,      -5.226893651,       -4.35152612
          0,           0,          51,      -4.923259836,      -4.639715092,      -5.239470693,      -4.350823844
          0,           0,          52,      -4.913820442,      -4.647154117,      -5.251487834,      -4.341361563
          0,           0,          53,      -4.898989986,      -4.654542159,      -5.263355386,       -4.32845048
          0,           0,          54,      -4.884140244,      -4.662002677,      -5.274916854,      -4.316457362
          0,           0,          55,      -4.873084783,      -4.669754357,       -5.28618483,      -4.308386311
          0,           0,          56,      -4.867095032,      -4.678034589,      -5.297963844,      -4.305230528
          0,           0,          57,      -4.866107157,      -4.687041886,      -5.310975839,      -4.306957409
          0,           0,          58,      -4.864874241,      -4.696325122,       -5.32433267,      -4.308264128
          0,           0,          59,      -4.861644588,      -4.705066807,      -5.337457234,      -4.307027271
          0,           0,          60,       -4.86105927,      -4.713067583,      -5.350259901,      -4.307714473
          0,           0,          61,      -4.866018694,      -4.720963613,      -5.362625038,      -4.313324363
          0,           0,          62,      -4.875941848,      -4.729360062,      -5.374871966,      -4.323227246
          0,           0,          63,      -4.890615254,      -4.738453085,      -5.387733404,      -4.337492576
          0,           0,          64,      -4.909172654,      -4.747999832,      -5.401349061,      -4.355352811
          0,           0,          65,      -4.931574471,      -4.757761518,      -5.415724635,      -4.376710191
          0,           0,          66,      -4.954360469,      -4.767473487,      -5.430212415,      -4.398218708
          0,           0,          67,       -4.97653563,       -4.77687396,       -5.44406122,      -4.418897378
          0,           0,          68,      -4.994509936,      -4.785843692,      -5.456043816,      -4.435302589
          0,           0,          69,      -5.004379489,      -4.794304887,      -5.465133544,       -4.44372551
          0,           0,          70,      -5.004263896,       -4.80223254,       -5.47064787,      -4.442536843
          0,           0,          71,      -4.993434824,      -4.809641926,      -5.472006986,       -4.43129026
          0,           0,          72,      -4.971394081,      -4.816518999,      -5.468725263,      -4.409493998
          0,           0,          73,      -4.936998136,      -4.822763134,      -5.460758075,      -4.376009028
          0,           0,          74,      -4.894290683,      -4.828615235,      -5.448609303,      -4.334786315
          0,           0,          75,      -4.845137554,      -4.834105444,      -5.432645474,        -4.2871659
          0,           0,          76,       -4.79257427,      -4.838554654,       -5.41291972,       -4.23581809
          0,           0,          77,      -4.741300858,      -4.840346079,      -5.391550199,      -4.185341636
          0,           0,          78,       -4.69808331,      -4.839111931,      -5.371780392,      -4.142715136
          0,           0,          79,       -4.66567619,      -4.835183512,      -5.355218034,      -4.110799086
          0,           0,          80,      -4.650090115,      -4.831317603,      -5.342643657,      -4.095853925
          0,           0,          81,      -4.650308793,       -4.82986758,      -5.336070084,      -4.097347751
          0,           0,          82,      -4.659391989,      -4.832917537,      -5.335432388,      -4.107407814
          0,           0,          83,      -4.662847761,      -4.839804776,      -5.338288688,      -4.111381421
          0,           0,          84,      -4.645028922,      -4.845640446,      -5.339306158,      -4.092915258
          0,           0,          85,      -4.613785948,        -4.8453114,      -5.337935972,      -4.061056986
          0,           0,          86,      -4.584061458,      -4.840553066,      -5.333295213,       -4.03077644
          0,           0,          87,      -4.564778901,        -4.8325535,      -5.324635373,      -4.011996104
          0,           0,          88,      -4.564274002,      -4.823038682,      -5.316045739,      -4.012736564
          0,           0,          89,      -4.584973093,      -4.826428752,      -5.316384134,      -4.034953484
          0,           0,          90,       -4.61463751,      -4.848750406,      -5.326478703,      -4.066099449
          0,           0,          91,       -4.63766751,      -4.867696659,      -5.335008453,      -4.089452621
          0,           0,          92,      -4.649062083,      -4.867281676,      -5.334191165,      -4.099741416
          0,           0,          93,      -4.658451497,      -4.870124404,      -5.329993471,       -4.10889091
          0,           0,          94,      -4.674072033,      -4.885586292,      -5.330307574,      -4.125711781
          0,           0,          95,      -4.699527294,       -4.90447354,      -5.342116432,      -4.152932943
          0,           0,          96,       -4.73192068,      -4.921896977,      -5.365723559,        -4.1869935
          0,           0,          97,      -4.764680563,       -4.93935025,      -5.396643334,       -4.22150378
          0,           0,          98,      -4.792272031,      -4.956609491,      -5.426814322,      -4.250961816
          0,           0,          99,      -4.819798214,      -4.974000676,      -5.451984016,      -4.279889294
          0,           0,         100,      -4.848966163,      -4.991527923,      -5.471154113,      -4.309160376
          0,           0,         101,      -4.876524991,      -5.008784936,      -5.487245988,      -4.335437158
          0,           0,         102,      -4.904489332,      -5.023856486,      -5.502771536,      -4.361972289
          0,           0,         103,      -4.929782047,      -5.034428198,      -5.518915751,      -4.385791044
          0,           0,         104,      -4.956083644,      -5.039804135,      -5.535375959,      -4.410539607
          0,           0,         105,      -4.981425478,      -5.042409261,      -5.550212674,      -4.434048443
          0,           0,         106,      -5.008325734,      -5.046491621,      -5.563119226,      -4.459177776
          0,           0,         107,      -5.029541812,      -5.054599828,      -5.574493315,      -4.478977697
          0,           0,         108,      -5.044575935,      -5.067211014,       -5.58589763,      -4.492893472
          0,           0,         109,      -5.049954477,      -5.083711606,      -5.596691213,      -4.497923108
          0,           0,         110,      -5.039432734,      -5.102136581,      -5.608168079,      -4.487701746
          0,           0,         111,      -5.019360841,      -5.115068841,      -5.618083948,       -4.46829686
          0,           0,         112,      -5.000112958,      -5.116512033,      -5.626572247,      -4.450016618
          0,           0,         113,      -4.992898135,      -5.113835899,      -5.636543086,       -4.44361898
          0,           0,         114,      -4.998274292,      -5.117146922,      -5.650163979,      -4.450055028
          0,           0,         115,      -5.008520885,      -5.132173237,      -5.666541764,      -4.460882489
          0,           0,         116,      -5.015888182,      -5.151965291,      -5.681382319,      -4.467962971
          0,           0,         117,      -5.019637641,      -5.167184492,      -5.690692688,       -4.47094338
          0,           0,         118,      -5.022498566,       -5.17406871,      -5.695786559,      -4.472944934
          0,           0,         119,      -5.027953761,      -5.176940975,      -5.699279078,      -4.477979339
          0,           0,         120,      -5.034022619,      -5.181303423,      -5.702434847,      -4.484023586
          0,           0,         121,      -5.039040449,      -5.188436778,      -5.705376899,      -4.489374283
          0,           0,         122,      -5.043524688,      -5.199719633,      -5.709085072,        -4.4946252
          0,           0,         123,      -5.047538426,      -5.215173147,      -5.713128849,      -4.499826956
          0,           0,         124,      -5.051414261,      -5.232507066,      -5.717486968,      -4.505001256
          0,           0,         125,      -5.057449386,      -5.250040977,      -5.722898262,      -4.512395891
          0,           0,         126,       -5.06530081,      -5.265801251,      -5.729654547,      -4.521498115
          0,           0,         127,      -5.072856809,      -5.276674468,       -5.73636908,      -4.529889842
          0,           0,         128,       -5.08341255,      -5.280301074,      -5.741903568,      -4.541116521
          0,           0,         129,      -5.095757404,      -5.279753982,      -5.745690659,      -4.553797993
          0,           0,         130,      -5.107544349,      -5.279662605,      -5.747161695,        -4.5656075
          0,           0,         131,       -5.11619602,      -5.281495541,      -5.746298816,      -4.573725357
          0,           0,         132,      -5.122605985,      -5.285894685,      -5.744796083,      -4.579327559
          0,           0,         133,       -5.12690081,      -5.292377054,      -5.744936385,      -4.582769707
          0,           0,         134,      -5.131271272,      -5.301011384,      -5.748861483,      -4.586709985
          0,           0,         135,      -5.133458746,      -5.312812169,      -5.755292456,      -4.588660043
          0,           0,         136,      -5.133155072,      -5.326923496,      -5.760869354,      -4.588380967
          0,           0,         137,      -5.129203407,      -5.341829266,      -5.765274416,      -4.584548027
          0,           0,         138,      -5.124086972,      -5.355254875,      -5.768799641,       -4.57942255
          0,           0,         139,      -5.115725804,      -5.364975851,      -5.768910603,      -4.570947414
          0,           0,         140,      -5.106808079,      -5.369334669,      -5.766080762,       -4.56181709
          0,           0,         141,      -5.101125512,      -5.368392994,      -5.763479732,      -4.556064824
          0,           0,         142,      -5.101346689,      -5.365393937,      -5.764227972,      -4.556699053
          0,           0,         143,      -5.105856996,      -5.364471283,      -5.770079354,      -4.561810223
          0,           0,         144,      -5.110585612,      -5.366898371,      -5.778285018,      -4.567034666
          0,           0,         145,      -5.117078639,      -5.372858926,      -5.787994359,      -4.574180452
          0,           0,         146,        -5.1208317,      -5.381814905,      -5.795824427,      -4.578468225
          0,           0,         147,      -5.124426912,      -5.392082595,      -5.801201951,      -4.582636823
          0,           0,         148,      -5.128312663,       -5.40214904,      -5.804811066,      -4.587146726
          0,           0,         149,      -5.132971007,      -5.411597471,      -5.807592512,      -4.592437141
          0,           0,         150,      -5.138211231,       -5.42017327,       -5.80969241,      -4.598196267
          0,           0,         151,      -5.146124731,      -5.429291532,      -5.812057377,       -4.60659284
          0,           0,         152,      -5.158525269,      -5.440948426,      -5.816574566,      -4.619565944
          0,           0,         153,      -5.174881981,      -5.456414185,      -5.823102045,      -4.636528347
          0,           0,         154,       -5.19304562,      -5.473869708,      -5.831851663,      -4.655103193
          0,           0,         155,      -5.213404097,      -5.491496253,      -5.843694959,      -4.675597932
          0,           0,         156,      -5.236681148,      -5.508459333,      -5.858973139,      -4.698902553
          0,           0,         157,      -5.261930716,      -5.524317276,      -5.877235678,       -4.72408378
          0,           0,         158,      -5.288505853,      -5.538517093,        -5.8981913,      -4.750471756
          0,           0,         159,      -5.314881885,      -5.551469403,      -5.922036248,      -4.776470107
          0,           0,         160,      -5.343105913,      -5.563721254,      -5.949478098,      -4.804527442
          0,           0,         161,      -5.373305302,      -5.576456124,      -5.979338617,      -4.834786093
          0,           0,         162,      -5.404409233,      -5.589903795,      -6.008257775,      -4.865872739
          0,           0,         163,      -5.436411023,      -5.604331788,      -6.034446678,      -4.897764048
          0,           0,         164,      -5.469646115,      -5.619834202,      -6.057336518,       -4.93092926
          0,           0,         165,      -5.504353089,      -5.635991488,      -6.076825703,      -4.965694741
          0,           0,         166,      -5.540891379,      -5.652456099,      -6.093667748,      -5.002444714
          0,           0,         167,      -5.579077321,      -5.669404772,      -6.108348166,      -5.040928092
          0,           0,         168,      -5.618338056,      -5.686619541,      -6.121468424,      -5.080458421
          0,           0,         169,      -5.657730475,      -5.703702542,      -6.134055409,       -5.11993346
          0,           0,         170,      -5.698115865,      -5.720480962,      -6.146992566,      -5.160347327
          0,           0,         171,      -5.740540442,      -5.736531491,      -6.160620697,      -5.202936357
          0,           0,         172,      -5.783414679,      -5.751875027,      -6.175228322,      -5.245732071
          0,           0,         173,      -5.826031136,      -5.766443245,      -6.191161328,      -5.288056688
          0,           0,         174,      -5.867532963,      -5.780027055,      -6.208292002,      -5.329079465
          0,           0,         175,      -5.906521658,      -5.792584124,      -6.226472724,      -5.367431529
          0,           0,         176,      -5.941102564,      -5.804144551,      -6.245591953,      -5.401276656
          0,           0,         177,      -5.969432422,      -5.814818502,      -6.265392927,      -5.428867472
          0,           0,         178,      -5.989718456,      -5.824680393,      -6.285364222,      -5.448461541
          0,           0,         179,      -6.000865893,      -5.833779383,      -6.304964045,      -5.459024391
          0,           0,         180,      -6.002886118,      -5.842152014,      -6.323640611,      -5.460601508
          0,           0,         181,      -5.996901848,      -5.849814461,      -6.340869397,      -5.454326779
          0,           0,         182,      -5.984959302,      -5.856797094,      -6.356185725,      -5.442261711
          0,           0,         183,      -5.969059615,       -5.86313264,      -6.369311287,      -5.426372894
          0,           0,         184,      -5.952112521,      -5.868876754,      -6.380032039,      -5.409570354
          0,           0,         185,      -5.934983208,      -5.874021815,      -6.388329642,      -5.392529299
          0,           0,         186,      -5.917932151,      -5.878586302,      -6.394559253,      -5.375563444
          0,           0,         187,      -5.901581068,       -5.88268882,       -6.39938725,      -5.359397033
          0,           0,         188,      -5.886426752,      -5.886479756,      -6.403248692,      -5.344507456
          0,           0,         189,      -5.872797007,      -5.890104743,      -6.406452237,      -5.331212139
          0,           0,         190,      -5.860882523,      -5.893670949,        -6.4092722,      -5.319682065
          0,           0,         191,       -5.85066871,      -5.897249083,      -6.411898433,      -5.309873262
          0,           0,         192,      -5.842179636,      -5.900933148,      -6.414716349,      -5.301807123
          0,           0,         193,      -5.834843601,      -5.904781369,      -6.418122467,      -5.294814699
          0,           0,         194,      -5.828492617,      -5.908837697,      -6.422290812,        -5.2887613
          0,           0,         195,      -5.823014567,      -5.913040956,      -6.427150109,      -5.283612216
          0,           0,         196,      -5.818405134,      -5.917362505,      -6.432619564,      -5.279332356
          0,           0,         197,       -5.81454745,      -5.921808608,      -6.438499451,      -5.275749134
          0,           0,         198,       -5.81133806,      -5.926326001,      -6.444578112,      -5.272743151
          0,           0,         199,      -5.808741808,      -5.930881023,      -6.450558377,      -5.270302638
          0,           0,         200,       -5.80703613,      -5.935493125,      -6.456142844,      -5.268757329
          0,           0,         201,      -5.805475626,      -5.940122958,      -6.461312574,      -5.267251407
          0,           0,         202,      -5.804013219,      -5.944719427,       -6.46595862,      -5.265796715
          0,           0,         203,       -5.80248006,      -5.949219551,      -6.470007201,      -5.264219833
          0,           0,         204,      -5.801043652,      -5.953591975,      -6.473934144,      -5.262747854
          0,           0,         205,        -5.7990986,      -5.957840937,      -6.477096551,      -5.260707943
          0,           0,         206,      -5.796009642,      -5.961911034,       -6.47950548,      -5.257472467
          0,           0,         207,      -5.791804719,      -5.965807273,      -6.480841737,      -5.253156039
          0,           0,         208,      -5.786618578,      -5.969473276,      -6.481254451,      -5.247900784
          0,           0,         209,      -5.780654863,      -5.972815112,      -6.480738759,      -5.241901051
          0,           0,         210,      -5.774180727,      -5.975853033,      -6.479254475,       -5.23541485
          0,           0,         211,      -5.768118784,      -5.978602749,       -6.47658341,      -5.229443306
          0,           0,         212,      -5.761927312,      -5.981321816,      -6.472688486,      -5.223296323
          0,           0,         213,      -5.754645626,      -5.983987166,      -6.467843267,      -5.215906898
          0,           0,         214,      -5.746754239,      -5.986351821,      -6.463064988,      -5.207891455
          0,           0,         215,      -5.738792609,      -5.988229946,      -6.457971652,       -5.19982536
          0,           0,         216,      -5.730603306,      -5.989533293,      -6.452441978,      -5.191476313
          0,           0,         217,      -5.722671525,      -5.990510516,      -6.446783455,      -5.183471875
          0,           0,         218,      -5.714872324,      -5.991207322,      -6.440646157,      -5.175632404
          0,           0,         219,      -5.707267932,      -5.991703554,      -6.434252856,      -5.168001248
          0,           0,         220,       -5.70005862,      -5.992115934,      -6.427916004,      -5.160807021
          0,           0,         221,      -5.693258864,      -5.992577828,      -6.421899683,      -5.154041712
          0,           0,         222,      -5.686953003,      -5.992962455,      -6.416591844,      -5.147802154
          0,           0,         223,      -5.681682693,      -5.993285366,      -6.411355202,      -5.142731609
          0,           0,         224,      -5.677221628,      -5.994423104,      -6.406801943,      -5.138555713
          0,           0,         225,      -5.673395305,      -5.997082757,      -6.403177013,      -5.135073245
          0,           0,         226,      -5.669503661,      -6.001082505,      -6.399960913,      -5.131384463
          0,           0,         227,      -5.666445771,       -6.00537506,      -6.397692572,      -5.128553788
          0,           0,         228,      -5.663776446,      -6.009346679,      -6.396009262,       -5.12602335
          0,           0,         229,      -5.661297533,      -6.013131955,      -6.394359484,       -5.12353336
          0,           0,         230,      -5.658820761,      -6.016444525,      -6.392808534,       -5.12093218
          0,           0,         231,      -5.656419632,      -6.019142609,      -6.391962873,      -5.118378694
          0,           0,         232,      -5.654004323,      -6.021438241,      -6.391901455,      -5.115778027
          0,           0,         233,      -5.651979505,      -6.023500806,      -6.392322404,      -5.113585518
          0,           0,         234,      -5.650747812,      -6.025489783,       -6.39253409,      -5.112210168
          0,           0,         235,      -5.649445974,      -6.027164886,      -6.393250128,      -5.110623917
          0,           0,         236,      -5.648996428,      -6.028992073,      -6.395248847,      -5.109987206
          0,           0,         237,      -5.648919266,      -6.030941352,      -6.397713172,      -5.109769961
          0,           0,         238,      -5.649016859,      -6.033042226,      -6.400278093,       -5.10974089
          0,           0,         239,      -5.649359578,      -6.035279409,       -6.40272789,      -5.109963672
          0,           0,         240,      -5.650153867,      -6.037797171,      -6.405069132,      -5.110645391
          0,           0,         241,      -5.651480898,      -6.040586817,      -6.407476444,      -5.111858008
          0,           0,         242,      -5.653353787,      -6.043710273,      -6.410256272,      -5.113615506
          0,           0,         243,      -5.655893736,      -6.047287756,      -6.413713664,      -5.116055441
          0,           0,         244,      -5.659050951,      -6.051130676,      -6.417398576,      -5.119109952
          0,           0,         245,      -5.662845413,      -6.055221515,      -6.421054798,      -5.122815477
          0,           0,         246,      -5.667628168,      -6.059548468,      -6.424779884,      -5.127558765
          0,           0,         247,      -5.673178083,      -6.064187957,      -6.428164718,      -5.133043097
          0,           0,         248,      -5.680111027,      -6.068966683,      -6.431249664,      -5.139960979
          0,           0,         249,      -5.688868531,      -6.073692129,      -6.434491732,      -5.148771676
          0,           0,         250,      -5.697924855,      -6.078474515,      -6.437921533,       -5.15769119
          0,           0,         251,      -5.707440049,      -6.083347041,      -6.441717348,      -5.167035566
          0,           0,         252,      -5.718166274,      -6.087997127,      -6.446403419,      -5.177665788
          0,           0,         253,      -5.728314227,      -6.092812494,       -6.45079971,      -5.187516567
          0,           0,         254,      -5.737759306,      -6.097966641,      -6.454954192,      -5.196603523
          0,           0,         255,      -5.746881246,      -6.103310628,      -6.458952894,      -5.205541442
          0,           0,         256,      -5.756299133,      -6.109021152,      -6.463464464,      -5.214968936
          0,           0,         257,      -5.765584657,      -6.115059376,      -6.468401808,      -5.224239624
          0,           0,         258,      -5.774651994,       -6.12120727,      -6.473480796,      -5.233247629
          0,           0,         259,      -5.783649366,      -6.127328404,      -6.478594477,      -5.242185918
          0,           0,         260,      -5.792777397,      -6.133288055,      -6.484203849,      -5.251295196
          0,           0,         261,       -5.80188061,      -6.139425148,      -6.490385395,      -5.260380126
          0,           0,         262,       -5.81092338,      -6.145741401,      -6.497355297,      -5.269393281
          0,           0,         263,       -5.81952926,      -6.152378579,      -6.505160943,      -5.277877653
          0,           0,         264,      -5.827541246,      -6.159335425,      -6.513517235,      -5.285649981
          0,           0,         265,      -5.835517424,      -6.166242625,      -6.522220316,      -5.293431038
          0,           0,         266,      -5.843633183,      -6.173164421,      -6.531782234,      -5.301454908
          0,           0,         267,      -5.853224578,      -6.180437623,      -6.543102288,      -5.311156849
          0,           0,         268,      -5.863436436,      -6.188255493,      -6.554942489,      -5.321448205
          0,           0,         269,      -5.874013301,      -6.196384787,      -6.566845281,      -5.332048473
          0,           0,         270,      -5.884472242,      -6.204973487,      -6.577992224,       -5.34245902
          0,           0,         271,       -5.89477476,      -6.213768897,       -6.58832516,        -5.3527184
          0,           0,         272,      -5.905751812,      -6.222779905,      -6.598084124,      -5.363751572
          0,           0,         273,       -5.91661338,      -6.232023252,      -6.607679767,      -5.374582886
          0,           0,         274,      -5.927309385,      -6.241332289,      -6.617110195,       -5.38522522
          0,           0,         275,      -5.938547651,      -6.251050373,      -6.626686658,        -5.3965366
          0,           0,         276,      -5.949790647,      -6.261075793,       -6.63622596,       -5.40783549
          0,           0,         277,      -5.960963288,      -6.271185526,      -6.645777402,      -5.419059955
          0,           0,         278,      -5.972131019,      -6.281300926,        -6.6554403,      -5.430293971
          0,           0,         279,      -5.983386262,       -6.29140248,      -6.665271728,      -5.441632957
          0,           0,         280,      -5.994889961,      -6.301289506,      -6.675472775,      -5.453253016
          0,           0,         281,      -6.007000981,      -6.311283789,      -6.686445189,      -5.465525848
          0,           0,         282,       -6.01865966,      -6.321598156,      -6.697899412,      -5.477187466
          0,           0,         283,      -6.030133081,      -6.331987024,      -6.709512824,      -5.488648302
          0,           0,         284,       -6.04144158,      -6.342317208,      -6.720769701,      -5.499981386
          0,           0,         285,       -6.05298238,      -6.352251486,      -6.731581678,       -5.51158764
          0,           0,         286,      -6.064539157,      -6.361977842,      -6.741892968,      -5.523156507
          0,           0,         287,      -6.075795072,      -6.371699846,      -6.751724827,      -5.534403935
          0,           0,         288,      -6.086743863,      -6.381298436,      -6.760913985,      -5.545395556
          0,           0,         289,      -6.097525705,      -6.390875347,      -6.769697008,      -5.556261871
          0,           0,         290,      -6.108621923,      -6.400590644,      -6.778343764,      -5.567557193
          0,           0,         291,      -6.120178903,      -6.410437246,      -6.787265061,      -5.579402005
          0,           0,         292,      -6.131798052,      -6.420517042,      -6.796561173,      -5.591260088
          0,           0,         293,      -6.144205253,      -6.430608111,      -6.806069116,      -5.603949692
          0,           0,         294,      -6.156542397,      -6.440810448,      -6.816010139,      -5.616458311
          0,           0,         295,      -6.168555389,      -6.451042052,      -6.826334062,      -5.628640519
          0,           0,         296,      -6.180348062,      -6.461203849,      -6.836956201,      -5.640617922
          0,           0,         297,      -6.192121751,      -6.471301663,      -6.847702981,      -5.652566674
          0,           0,         298,      -6.203972704,      -6.481320162,      -6.858468524,      -5.664570161
          0,           0,         299,      -6.216705019,      -6.491309276,      -6.869234526,      -5.677559305
          0,           0,         300,      -6.229789121,      -6.501366869,       -6.88000383,      -5.690874812
          0,           0,         301,      -6.242903102,      -6.511482204,      -6.890815771,      -5.704181772
          0,           0,         302,      -6.256124604,       -6.52157136,      -6.901630109,      -5.717595188
          0,           0,         303,      -6.269515015,      -6.531606005,      -6.912596357,      -5.731174398
          0,           0,         304,      -6.283118635,      -6.541559617,      -6.923794837,      -5.744958904
          0,           0,         305,      -6.296957943,      -6.551410827,      -6.935263792,      -5.758971099
          0,           0,         306,      -6.311025812,      -6.561134205,      -6.947009803,      -5.773202728
          0,           0,         307,      -6.325378401,      -6.570730332,       -6.95906728,      -5.787726912
          0,           0,         308,      -6.342294858,      -6.580413087,      -6.976256943,      -5.805059791
          0,           0,         309,      -6.358243814,      -6.590531545,      -6.996695472,      -5.821136372
          0,           0,         310,      -6.373455341,      -6.600729011,      -7.017662083,       -5.83649178
          0,           0,         311,      -6.388170158,      -6.610948517,      -7.037453552,      -5.851371142
          0,           0,         312,      -6.402692734,      -6.621090787,      -7.055589343,      -5.866038988
          0,           0,         313,      -6.417283355,      -6.630964178,       -7.07229916,      -5.880750455
          0,           0,         314,      -6.432152173,      -6.640451278,      -7.087994364,      -5.895732679
          0,           0,         315,      -6.447475713,      -6.649563982,       -7.10301986,      -5.911177858
          0,           0,         316,      -6.463395131,      -6.658392031,      -7.117616855,      -5.927232456
          0,           0,         317,      -6.480010902,      -6.667034927,      -7.131982569,      -5.943996603
          0,           0,         318,      -6.497364573,      -6.675573974,      -7.146130299,      -5.961513234
          0,           0,         319,      -6.515419106,      -6.684088712,      -7.159852626,      -5.979741801
          0,           0,         320,      -6.534228469,      -6.692629432,      -7.173709916,      -5.998724912
          0,           0,         321,      -6.553651006,      -6.701183685,      -7.187767963,      -6.018350736
          0,           0,         322,      -6.573650384,      -6.709725206,      -7.202155348,      -6.038599813
          0,           0,         323,      -6.593776411,      -6.718217064,      -7.216821902,      -6.058954456
          0,           0,         324,      -6.613957368,      -6.726627954,        -7.2316967,      -6.079346334
          0,           0,         325,      -6.634180139,      -6.734927393,      -7.246738699,      -6.099756349
          0,           0,         326,      -6.654481925,      -6.743091074,      -7.261937697,      -6.120226806
          0,           0,         327,      -6.674941603,       -6.75110825,      -7.277301629,      -6.140848247
          0,           0,         328,      -6.695672877,      -6.758992892,      -7.292857822,       -6.16174532
          0,           0,         329,      -6.716819108,      -6.766752565,      -7.308658194,      -6.183068445
          0,           0,         330,      -6.738538403,      -6.774388548,      -7.324773502,      -6.204980841
          0,           0,         331,      -6.760975355,      -6.781917683,      -7.341232171,      -6.227630843
          0,           0,         332,      -6.784277034,      -6.789359081,      -7.358035465,      -6.251171315
          0,           0,         333,       -6.80852008,      -6.796733818,      -7.375147224,      -6.275676116
          0,           0,         334,      -6.833758752,      -6.804056369,      -7.392501069,       -6.30119742
          0,           0,         335,      -6.860024703,       -6.81133544,      -7.410020406,      -6.327764159
          0,           0,         336,      -6.887317729,      -6.818574506,      -7.427635989,      -6.355370977
          0,           0,         337,      -6.915606221,      -6.825771936,      -7.445295075,      -6.383979901
          0,           0,         338,      -6.945113115,      -6.832929417,      -7.462937397,      -6.413860338
          0,           0,         339,      -6.975602385,      -6.840042219,      -7.480523127,      -6.444716165
          0,           0,         340,       -7.00671925,      -6.847098442,       -7.49797107,      -6.476143707
          0,           0,         341,      -7.038281837,      -6.854085958,      -7.515165896,      -6.507961368
          0,           0,         342,      -7.070053534,        -6.8609935,      -7.532013877,      -6.539908305
          0,           0,         343,      -7.101706634,      -6.867811891,      -7.548423678,       -6.57161784
          0,           0,         344,      -7.132794608,      -6.874534998,      -7.564291586,      -6.602596792
          0,           0,         345,      -7.162740134,       -6.88115954,      -7.579498245,        -6.6322174
          0,           0,         346,      -7.190835553,       -6.88768422,      -7.593913572,      -6.659722484
          0,           0,         347,       -7.21627103,       -6.89410921,      -7.607406303,      -6.684264583
          0,           0,         348,       -7.23819553,      -6.900435897,      -7.619854437,      -6.704982677
          0,           0,         349,      -7.255815616,      -6.906666574,      -7.631156242,      -6.721115697
          0,           0,         350,      -7.268517851,      -6.912804149,      -7.641230889,      -6.732130101
          0,           0,         351,      -7.275976965,      -6.918851834,      -7.650020594,      -6.737817312
          0,           0,         352,      -7.278212974,      -6.924812847,      -7.657491184,      -6.738326036
          0,           0,         353,      -7.275573739,      -6.930690128,      -7.663631039,       -6.73411636
          0,           0,         354,      -7.268651606,      -6.936486144,      -7.668446615,      -6.725856245
          0,           0,         355,      -7.258171146,      -6.942203066,      -7.671960419,      -6.714303638
          0,           0,         356,      -7.244888217,      -6.947844488,      -7.674208831,      -6.700211639
          0,           0,         357,      -7.229503906,      -6.953406443,      -7.675257069,      -6.684256365
          0,           0,         358,      -7.212638948,      -6.958888355,      -7.675165343,      -6.667022019
          0,           0,         359,       -7.19481551,      -6.964289216,       -7.67400811,      -6.648991373
          0,           0,         360,      -7.176458386,      -6.969607472,      -7.671869179,      -6.630552453
          0,           0,         361,       -7.15790562,      -6.974841164,      -7.668840963,      -6.612011729
          0,           0,         362,      -7.139419446,      -6.979988177,      -7.665020947,      -6.593605439
          0,           0,         363,       -7.12118245,      -6.985046643,      -7.660511994,       -6.57549313
          0,           0,         364,      -7.103386453,      -6.990016109,      -7.655414558,      -6.557853263
          0,           0,         365,      -7.086143078,      -6.994893908,      -7.649825708,      -6.540787853
          0,           0,         366,      -7.069516285,      -6.999678749,       -7.64384635,      -6.524351155
          0,           0,         367,      -7.053532976,      -7.004370652,      -7.637552956,      -6.508562065
          0,           0,         368,      -7.038203002,      -7.008970126,      -7.631015247,      -6.493425794
          0,           0,         369,      -7.023523004,      -7.013477637,      -7.624293527,      -6.478936239
          0,           0,         370,      -7.009480484,      -7.017893872,      -7.617441746,      -6.465079128
          0,           0,         371,      -6.996057554,      -7.022219919,      -7.610509887,      -6.451835483
          0,           0,         372,      -6.983233725,       -7.02645724,      -7.603547111,      -6.439184237
          0,           0,         373,      -6.970988296,       -7.03060757,      -7.596599934,      -6.427104477
          0,           0,         374,      -6.959302017,      -7.034673035,      -7.589710647,      -6.415576989
          0,           0,         375,      -6.948157231,      -7.038656135,      -7.582918445,      -6.404584294
          0,           0,         376,      -6.937516078,      -7.042560414,      -7.576245685,      -6.394086501
          0,           0,         377,      -6.927392606,      -7.046370508,      -7.569716298,       -6.38409992
          0,           0,         378,      -6.917766919,      -7.050079307,      -7.563357769,      -6.374601502
          0,           0,         379,      -6.908625742,      -7.053718308,      -7.557216389,      -6.365581648
          0,           0,         380,      -6.899957468,      -7.057295154,      -7.551317604,       -6.35703047
          0,           0,         381,      -6.891755076,      -7.060814566,       -7.54567058,      -6.348941574
          0,           0,         382,      -6.884025576,      -7.064283402,        -7.5403141,      -6.341323943
          0,           0,         383,      -6.876745741,       -7.06770858,      -7.535210652,      -6.334151873
          0,           0,         384,      -6.869902472,      -7.071098462,      -7.530357523,      -6.327410586
          0,           0,         385,      -6.863488766,      -7.074460219,      -7.525769165,      -6.321094485
          0,           0,         386,      -6.857495347,      -7.077799675,      -7.521459389,      -6.315195386
          0,           0,         387,       -6.85191412,      -7.081121104,       -7.51744181,      -6.309705458
          0,           0,         388,      -6.846740283,       -7.08442814,      -7.513726726,       -6.30462005
          0,           0,         389,      -6.841966271,      -7.087726206,      -7.510320981,      -6.299931762
          0,           0,         390,      -6.837529828,      -7.091023322,      -7.507214817,      -6.295572699
          0,           0,         391,      -6.833424782,      -7.094326807,      -7.504406259,      -6.291541994
          0,           0,         392,      -6.829707296,      -7.097643624,      -7.501917761,      -6.287902739
          0,           0,         393,      -6.826377305,      -7.100979732,      -7.499769903,       -6.28464856
          0,           0,         394,      -6.824013785,      -7.104247861,      -7.498667046,      -6.282400616
          0,           0,         395,      -6.821940244,      -7.107459872,      -7.497696477,      -6.280416457
          0,           0,         396,       -6.82008856,      -7.110703869,       -7.49688227,      -6.278608643
          0,           0,         397,      -6.818527122,      -7.114082441,      -7.496345832,      -6.277066086
          0,           0,         398,      -6.817296041,      -7.117617681,      -7.496148352,      -6.275848274
          0,           0,         399,      -6.816417858,      -7.121280282,      -7.496300497,      -6.274988002
          0,           0,         400,       -6.81590172,      -7.125053882,      -7.496765804,       -6.27449823
          0,           0,         401,      -6.815767443,      -7.128931635,      -7.497476697,      -6.274401586
          0,           0,         402,      -6.815819963,      -7.132881212,      -7.498393161,      -6.274476354
          0,           0,         403,      -6.816184521,        -7.1368839,      -7.499609132,      -6.274866619
          0,           0,         404,      -6.816930743,      -7.140945333,      -7.501137874,      -6.275645231
          0,           0,         405,      -6.818029547,      -7.145075732,      -7.502939143,      -6.276780539
          0,           0,         406,       -6.81944791,      -7.149284085,      -7.504973969,      -6.278240745
          0,           0,         407,      -6.821152244,      -7.153573988,      -7.507233385,      -6.279988614
          0,           0,         408,       -6.82310394,      -7.157953762,      -7.509758802,      -6.281980212
          0,           0,         409,      -6.825340521,      -7.162440897,      -7.512564451,      -6.284258929
          0,           0,         410,      -6.827853932,      -7.167026523,      -7.515624373,      -6.286817012
          0,           0,         411,      -6.830638971,      -7.171706329,      -7.518907799,      -6.289650552
          0,           0,         412,      -6.834042739,      -7.176480836,      -7.522383259,      -6.293180347
          0,           0,         413,      -6.837828062,      -7.181574579,      -7.526163737,      -6.297134721
          0,           0,         414,      -6.841790344,      -7.187062025,      -7.530455925,      -6.301246554
          0,           0,         415,      -6.845986837,      -7.192834207,      -7.535213262,      -6.305560232
          0,           0,         416,      -6.850442187,      -7.198803226,      -7.540338285,      -6.310107257
          0,           0,         417,      -6.855179707,      -7.204907723,       -7.54582194,      -6.314918919
          0,           0,         418,      -6.860221098,      -7.211102377,      -7.551673132,      -6.320021665
          0,           0,         419,      -6.865577949,       -7.21736519,      -7.557873285,      -6.325431403
          0,           0,         420,       -6.87125109,      -7.223699387,      -7.564379164,      -6.331153521
          0,           0,         421,      -6.877234651,      -7.230120766,      -7.571144546,      -6.337185455
          0,           0,         422,      -6.883518727,      -7.236643848,      -7.578133915,      -6.343518496
          0,           0,         423,      -6.890090298,       -7.24327693,      -7.585323925,      -6.350139323
          0,           0,         424,      -6.896933908,      -7.250023643,      -7.592698654,      -6.357031853
          0,           0,         425,      -6.903986722,      -7.256888204,      -7.600251223,       -6.36412876
          0,           0,         426,      -6.911320793,      -7.263868953,      -7.608051454,      -6.371508496
          0,           0,         427,      -6.918893134,      -7.270972968,      -7.615638514,      -6.379137802
          0,           0,         428,       -6.92623411,      -7.278196344,      -7.621326604,      -6.386516322
          0,           0,         429,      -6.933976377,      -7.285425322,      -7.625296346,      -6.394326885
          0,           0,         430,      -6.942228521,      -7.292573262,      -7.627884451,      -6.402594805
          0,           0,         431,      -6.950961287,      -7.299558814,      -7.629684587,      -6.411313801
          0,           0,         432,       -6.96005674,      -7.306385689,      -7.631316155,      -6.420396511
          0,           0,         433,       -6.96937517,      -7.313158281,       -7.63326884,      -6.429712731
          0,           0,         434,      -6.978778528,       -7.31999035,      -7.635877906,      -6.439120916
          0,           0,         435,      -6.988139989,      -7.326931725,      -7.639359089,      -6.448489163
          0,           0,         436,      -6.997353756,      -7.333963856,      -7.643832493,      -6.457709685
          0,           0,         437,      -7.006342787,      -7.341036347,      -7.649327192,      -6.466705711
          0,           0,         438,      -7.015064282,      -7.348102389,       -7.65579095,      -6.475435189
          0,           0,         439,      -7.023513186,      -7.355133239,      -7.663116373,      -6.483893884
          0,           0,         440,      -7.031721562,      -7.362117676,      -7.671173735,      -6.492115159
          0,           0,         441,       -7.03975202,      -7.369057712,      -7.679835801,      -6.500163535
          0,           0,         442,       -7.04768604,      -7.375964973,      -7.688987748,       -6.50812258
          0,           0,         443,      -7.055610112,      -7.382857381,      -7.698525772,      -6.516080336
          0,           0,         444,      -7.063602683,      -7.389755885,      -7.708351629,       -6.52411567
          0,           0,         445,      -7.071724002,      -7.396681355,      -7.718368846,      -6.532287853
          0,           0,         446,      -7.080010344,       -7.40365236,      -7.728481297,      -6.540630903
          0,           0,         447,      -7.088463578,      -7.410688994,      -7.738580634,      -6.549142781
          0,           0,         448,      -7.097068832,      -7.417790964,      -7.748619582,      -6.557806118
          0,           0,         449,      -7.105792535,      -7.424949036,      -7.758551805,      -6.566585139
          0,           0,         450,      -7.114581321,      -7.432148586,      -7.768313305,      -6.575423901
          0,           0,         451,      -7.123376093,       -7.43936694,      -7.777847352,      -6.584261131
          0,           0,         452,      -7.132119194,      -7.446574341,      -7.787114656,      -6.593037978
          0,           0,         453,      -7.140760169,      -7.453738034,      -7.796095878,      -6.601703874
          0,           0,         454,      -7.149259657,      -7.460826805,      -7.804788685,       -6.61022009
          0,           0,         455,      -7.157590912,      -7.467813512,      -7.813203196,      -6.618560939
          0,           0,         456,      -7.165739351,      -7.474676184,      -7.821355092,      -6.626713115
          0,           0,         457,      -7.173699691,      -7.481397815,      -7.829267899,      -6.634672639
          0,           0,         458,      -7.181473447,      -7.487966993,      -7.836967273,      -6.642442179
          0,           0,         459,      -7.189065613,      -7.494377502,      -7.844475834,      -6.650027597
          0,           0,         460,      -7.196481539,      -7.500627555,      -7.851812863,      -6.657434812
          0,           0,         461,      -7.203724843,       -7.50671898,      -7.858994441,      -6.664667743
          0,           0,         462,      -7.210796392,      -7.512656219,      -7.866033001,      -6.671727356
          0,           0,         463,       -7.21769427,       -7.51844532,      -7.872936687,      -6.678611694
          0,           0,         464,      -7.224414459,      -7.524093075,      -7.879708956,      -6.685316647
          0,           0,         465,      -7.230951899,      -7.529606314,      -7.886348682,      -6.691837061
          0,           0,         466,      -7.237301526,      -7.534991389,      -7.892850715,      -6.698167827
          0,           0,         467,      -7.243459051,      -7.540253884,      -7.899206783,      -6.704304651
          0,           0,         468,      -7.249421265,      -7.545398435,      -7.905406346,      -6.710244352
          0,           0,         469,      -7.255185888,      -7.550428661,      -7.911437247,      -6.715984658
          0,           0,         470,      -7.260751058,      -7.555347118,      -7.917286714,       -6.72152367
          0,           0,         471,        -7.2661146,      -7.560155304,      -7.922941875,      -6.726859105
          0,           0,         472,      -7.271273353,      -7.564853669,      -7.928390203,      -6.731987619
          0,           0,         473,      -7.276222754,      -7.569441639,      -7.933620015,      -6.736904412
          0,           0,         474,      -7.280956827,      -7.573917703,      -7.938621101,      -6.741603268
          0,           0,         475,      -7.285468644,      -7.578279582,      -7.943385264,      -6.746077064
          0,           0,         476,      -7.289751199,      -7.582524497,      -7.947906915,      -6.750318701
          0,           0,         477,      -7.293798543,      -7.586649498,      -7.952183503,      -6.754322297
          0,           0,         478,      -7.297607044,      -7.590651927,      -7.956215838,      -6.758084456
          0,           0,         479,      -7.301176504,       -7.59452984,      -7.960008383,      -6.761605403
          0,           0,         480,      -7.304510965,      -7.598282434,      -7.963569268,      -6.764889753
          0,           0,         481,      -7.307619057,      -7.601910403,      -7.966909911,      -6.767946823
          0,           0,         482,      -7.310513857,      -7.605416159,      -7.970044482,      -6.770790419
          0,           0,         483,      -7.313212268,      -7.608803929,      -7.972989426,      -6.773438172
          0,           0,         484,       -7.31573404,      -7.612079645,      -7.975762658,      -6.775910488
          0,           0,         485,      -7.318109188,      -7.615266328,      -7.978408483,      -6.778239856
          0,           0,         486,      -7.320369466,      -7.618374411,      -7.980967498,      -6.780458378
          0,           0,         487,       -7.32254177,      -7.621407928,      -7.983463129,      -6.782588939
          0,           0,         488,      -7.324635028,      -7.624361208,      -7.985902305,      -6.784640526
          0,           0,         489,      -7.326646131,      -7.627244587,      -7.988341258,       -6.78660955
          0,           0,         490,      -7.328587071,      -7.630057725,      -7.990785203,      -6.788510085
          0,           0,         491,      -7.330461079,      -7.632812848,       -7.99320897,      -6.790346427
          0,           0,         492,      -7.332269944,      -7.635527275,      -7.995576761,      -6.792120504
          0,           0,         493,      -7.334021698,      -7.638213452,      -7.997857723,      -6.793839903
          0,           0,         494,      -7.335728547,       -7.64087667,      -8.000032709,      -6.795516357
          0,           0,         495,      -7.337404308,      -7.643518205,       -8.00209472,      -6.797163516
          0,           0,         496,      -7.339062418,      -7.646138835,       -8.00404675,      -6.798794783
          0,           0,         497,      -7.340714694,      -7.648740262,      -8.005899486,      -6.800421922
          0,           0,         498,      -7.342370649,      -7.651324927,      -8.007669552,      -6.802054369
          0,           0,         499,      -7.344030428,      -7.653916767,      -8.009422305,      -6.803690681
          0,           0,         500,      -7.345703514,      -7.656503133,      -8.011146218,      -6.805342015
          0,           0,         501,      -7.347394492,      -7.659079408,      -8.012854085,      -6.807013152
          0,           0,         502,      -7.349104208,       -7.66164545,       -8.01456525,      -6.808704513
          0,           0,         503,      -7.350832404,      -7.664201999,      -8.016292208,      -6.810415601
          0,           0,         504,      -7.352578755,      -7.666750967,      -8.018043735,      -6.812146017
          0,           0,         505,      -7.354343819,      -7.669294865,      -8.019827035,      -6.813896364
          0,           0,         506,      -7.356129822,      -7.671836835,      -8.021648455,      -6.815669002
          0,           0,         507,      -7.357941054,      -7.674380723,      -8.023513473,      -6.817468437
          0,           0,         508,      -7.359783782,      -7.676930955,      -8.025426864,      -6.819301182
          0,           0,         509,        -7.3616658,      -7.679492378,      -8.027393212,      -6.821175244
          0,           0,         510,      -7.363595685,      -7.682070147,      -8.029417372,       -6.82309932
          0,           0,         511,      -7.365582116,      -7.684669564,      -8.031504464,      -6.825082101
          0,           0,         512,      -7.367633463,      -7.687295838,      -8.033659383,      -6.827131908
          0,           0,         513,      -7.369756755,      -7.689953875,      -8.035886442,       -6.82925564
          0,           0,         514,      -7.371957266,       -7.69264811,      -8.038188438,      -6.831458369
          0,           0,         515,      -7.374238482,      -7.695382364,      -8.040567091,      -6.833743363
          0,           0,         516,      -7.376602144,      -7.698159741,      -8.043023073,      -6.836112139
          0,           0,         517,       -7.37904846,      -7.700982589,      -8.045556177,      -6.838564689
          0,           0,         518,       -7.38157641,      -7.703852485,       -8.04816555,      -6.841099799
          0,           0,         519,      -7.384184098,      -7.706770277,      -8.050849854,      -6.843715401
          0,           0,         520,      -7.386869069,      -7.709736153,      -8.053607371,        -6.8464089
          0,           0,         521,      -7.389628571,      -7.712749734,       -8.05643606,      -6.849177433
          0,           0,         522,      -7.392459727,      -7.715810172,      -8.059333627,      -6.852018041
          0,           0,         523,      -7.395359622,      -7.718916238,      -8.062297568,       -6.85492774
          0,           0,         524,      -7.398325316,      -7.722066449,      -8.065325167,      -6.857903529
          0,           0,         525,      -7.401353795,      -7.725259122,      -8.068413513,      -6.860942339
          0,           0,         526,      -7.404441907,      -7.728492422,      -8.071559483,      -6.864040953
          0,           0,         527,      -7.407586282,      -7.731764403,      -8.074759726,      -6.867195934
          0,           0,         528,      -7.410783276,      -7.735073028,      -8.078010653,      -6.870403563
          0,           0,         529,      -7.414028937,      -7.738416174,      -8.081308435,      -6.873659809
          0,           0,         530,      -7.417130642,      -7.741777068,      -8.084705449,      -6.876743538
          0,           0,         531,      -7.419867907,      -7.745095337,      -8.088314123,      -6.879410583
          0,           0,         532,      -7.422718338,      -7.748322809,      -8.092140221,      -6.882224426
          0,           0,         533,      -7.425685074,      -7.751487486,      -8.096213018,      -6.885161047
          0,           0,         534,      -7.428756913,      -7.754615241,       -8.10050994,      -6.888205891
          0,           0,         535,      -7.431911277,      -7.757732345,      -8.104972795,       -6.89133886
          0,           0,         536,      -7.435126234,      -7.760873034,      -8.109533749,      -6.894539076
          0,           0,         537,      -7.438385205,      -7.764066286,      -8.114131779,      -6.897789274
          0,           0,         538,      -7.441675794,      -7.767327183,      -8.118716014,      -6.901075673
          0,           0,         539,      -7.444988296,      -7.770658112,      -8.123244722,      -6.904387276
          0,           0,         540,      -7.448314929,      -7.774053732,      -8.127684927,      -6.907715315
          0,           0,         541,      -7.451649104,      -7.777505439,      -8.132012028,      -6.911052363
          0,           0,         542,      -7.454984595,      -7.781003416,      -8.136208841,      -6.914391361
          0,           0,         543,      -7.458314664,      -7.784536974,      -8.140264037,      -6.917724748
          0,           0,         544,      -7.461631269,      -7.788094535,      -8.144171137,      -6.921043733
          0,           0,         545,      -7.464924616,      -7.791664226,      -8.147927354,      -6.924337922
          0,           0,         546,      -7.468183091,      -7.795234458,      -8.151532604,      -6.927595274
          0,           0,         547,      -7.471393715,      -7.798794361,      -8.154988504,      -6.930802565
          0,           0,         548,      -7.474542926,      -7.802333906,      -8.158298049,      -6.933946136
          0,           0,         549,      -7.477617424,      -7.805843872,      -8.161464819,       -6.93701271
          0,           0,         550,      -7.480604954,      -7.809315849,      -8.164492688,       -6.93999013
          0,           0,         551,      -7.483494888,        -7.8127423,      -8.167385663,      -6.942867934
          0,           0,         552,      -7.486278576,      -7.816116611,      -8.170147769,       -6.94563768
          0,           0,         553,      -7.488949441,      -7.819433111,       -8.17278292,      -6.948293027
          0,           0,         554,      -7.491502857,      -7.822687063,      -8.175294772,      -6.950829583
          0,           0,         555,      -7.493935869,      -7.825874624,      -8.177686551,      -6.953244599
          0,           0,         556,      -7.496246808,      -7.828992768,      -8.179960914,      -6.955536572
          0,           0,         557,      -7.498434883,      -7.832039185,      -8.182119857,      -6.957704827
          0,           0,         558,      -7.500499813,      -7.835012151,      -8.184164696,      -6.959749155
          0,           0,         559,       -7.50244155,      -7.837910389,      -8.186096115,      -6.961669543
          0,           0,         560,      -7.504260107,      -7.840732926,      -8.187914262,      -6.963466022
          0,           0,         561,       -7.50595964,      -7.843477384,      -8.189617491,      -6.965142819
          0,           0,         562,      -7.507545798,      -7.846149023,      -8.191153479,      -6.966707147
          0,           0,         563,      -7.509014488,      -7.848742647,      -8.192533627,      -6.968155357
          0,           0,         564,      -7.510365504,      -7.851250567,      -8.193802647,      -6.969485909
          0,           0,         565,      -7.511601529,      -7.853670174,      -8.194979007,      -6.970700713
          0,           0,         566,      -7.512724435,      -7.856004852,      -8.196068466,      -6.971801224
          0,           0,         567,      -7.513734703,      -7.858260004,      -8.197071222,      -6.972787685
          0,           0,         568,      -7.514632097,      -7.860438917,      -8.197985529,      -6.973659899
          0,           0,         569,       -7.51541664,      -7.862542573,      -8.198807412,      -6.974418158
          0,           0,         570,       -7.51608929,      -7.864571107,      -8.199531228,      -6.975063772
          0,           0,         571,      -7.516652182,      -7.866524312,      -8.200152243,      -6.975599204
          0,           0,         572,      -7.517108599,      -7.868401722,      -8.200669176,      -6.976028005
          0,           0,         573,      -7.517462816,      -7.870202943,      -8.201084885,      -6.976354654
          0,           0,         574,      -7.517719879,      -7.871928036,      -8.201405163,      -6.976584345
          0,           0,         575,      -7.517885384,      -7.873577638,       -8.20163691,      -6.976722786
          0,           0,         576,      -7.517965274,      -7.875152868,      -8.201786783,      -6.976776019
          0,           0,         577,      -7.517965661,      -7.876655193,      -8.201860762,      -6.976750245
          0,           0,         578,      -7.517892688,      -7.878086388,      -8.201864342,      -6.976651687
          0,           0,         579,      -7.517752447,      -7.879448551,      -8.201802918,      -6.976486506
          0,           0,         580,      -7.517550979,      -7.880744129,      -8.201682072,        -6.9762608
          0,           0,         581,       -7.51729432,      -7.881975918,      -8.201507682,      -6.975980655
          0,           0,         582,      -7.516988579,      -7.883147034,      -8.201285928,      -6.975652229
          0,           0,         583,      -7.516640005,      -7.884260856,      -8.201023227,      -6.975281824
          0,           0,         584,      -7.516255047,      -7.885320986,      -8.200726231,       -6.97487595
          0,           0,         585,      -7.515840395,      -7.886331306,       -8.20040182,      -6.974441356
          0,           0,         586,      -7.515402959,      -7.887295939,      -8.200056901,      -6.973985019
          0,           0,         587,      -7.514949817,      -7.888219197,      -8.199698347,       -6.97351408
          0,           0,         588,       -7.51448814,      -7.889105575,      -8.199333005,      -6.973035762
          0,           0,         589,      -7.514025092,      -7.889959736,      -8.198967648,      -6.972557269
          0,           0,         590,       -7.51356772,      -7.890786474,      -8.198608897,      -6.972085673
          0,           0,         591,      -7.513122847,       -7.89159066,      -8.198263161,      -6.971627811
          0,           0,         592,      -7.512696984,      -7.892377196,      -8.197936587,       -6.97119019
          0,           0,         593,       -7.51229627,      -7.893150961,      -8.197635038,      -6.970778939
          0,           0,         594,      -7.511926438,      -7.893916768,      -8.197364085,      -6.970399771
          0,           0,         595,      -7.511592812,      -7.894679323,      -8.197129001,      -6.970057983
          0,           0,         596,      -7.511300321,      -7.895443206,      -8.196934766,      -6.969758477
          0,           0,         597,      -7.511053531,      -7.896212842,      -8.196786075,      -6.969505792
          0,           0,         598,      -7.510856687,      -7.896992506,      -8.196687354,       -6.96930415
          0,           0,         599,      -7.510713759,      -7.897786304,      -8.196642768,      -6.969157493
          0,           0,         600,      -7.510628473,      -7.898598189,      -8.196656212,      -6.969069528
          0,           0,         601,      -7.510604333,      -7.899431959,      -8.196731335,       -6.96904374
          0,           0,         602,      -7.510644642,      -7.900291265,      -8.196871545,      -6.969083412
          0,           0,         603,      -7.510752507,      -7.901179617,      -8.197080019,      -6.969191634
          0,           0,         604,      -7.510930847,      -7.902100378,      -8.197359692,      -6.969371303
          0,           0,         605,      -7.511182389,      -7.903056778,      -8.197713263,       -6.96962513
          0,           0,         606,      -7.511509669,      -7.904051907,      -8.198143198,      -6.969955627
          0,           0,         607,      -7.511915029,      -7.905088718,      -8.198651734,      -6.970365114
          0,           0,         608,      -7.512400617,      -7.906170028,      -8.199240894,      -6.970855717
          0,           0,         609,      -7.512968397,      -7.907298507,      -8.199912493,      -6.971429376
          0,           0,         610,      -7.513620149,      -7.908476685,      -8.200668154,      -6.972087848
          0,           0,         611,      -7.514357479,      -7.909706944,      -8.201509315,      -6.972832715
          0,           0,         612,      -7.515181823,       -7.91099152,      -8.202437242,      -6.973665389
          0,           0,         613,      -7.516094448,      -7.912332499,      -8.203453032,      -6.974587113
          0,           0,         614,      -7.517096456,      -7.913731819,      -8.204557617,      -6.975598965
          0,           0,         615,      -7.518188782,      -7.915191263,      -8.205751771,      -6.976701856
          0,           0,         616,       -7.51937219,      -7.916712462,      -8.207036107,      -6.977896523
          0,           0,         617,      -7.520647269,      -7.918296891,      -8.208411078,      -6.979183531
          0,           0,         618,       -7.52201443,      -7.919945864,       -8.20987698,      -6.980563262
          0,           0,         619,      -7.523473903,      -7.921660539,       -8.21143395,      -6.982035923
          0,           0,         620,      -7.525025742,      -7.923441912,      -8.213081967,      -6.983601536
          0,           0,         621,      -7.526669822,      -7.925290817,      -8.214820861,      -6.985259954
          0,           0,         622,      -7.528405853,      -7.927207932,      -8.216650314,      -6.987010859
          0,           0,         623,      -7.530233389,      -7.929193777,      -8.218569866,      -6.988853779
          0,           0,         624,      -7.532151836,      -7.931248721,      -8.220578925,      -6.990788097
          0,           0,         625,      -7.534160472,      -7.933372988,      -8.222676777,      -6.992813068
          0,           0,         626,      -7.536258457,      -7.935566662,      -8.224862587,      -6.994927831
          0,           0,         627,      -7.538531689,      -7.937832635,      -8.227136087,      -6.997225921
          0,           0,         628,      -7.541162731,      -7.940042385,      -8.229512065,      -6.999903933
          0,           0,         629,      -7.543837455,      -7.941932399,      -8.232079468,      -7.002591841
          0,           0,         630,      -7.546678437,      -7.943559601,      -8.234718707,      -7.005381781
          0,           0,         631,       -7.54969876,      -7.945086171,      -8.237284459,      -7.008335982
          0,           0,         632,       -7.55284962,      -7.946705738,      -8.239775702,       -7.01144158
          0,           0,         633,      -7.556081752,      -7.948585352,      -8.242310536,      -7.014655323
          0,           0,         634,      -7.559228806,       -7.95074908,      -8.245007006,      -7.017785071
          0,           0,         635,      -7.561654844,      -7.952650009,       -8.24736747,      -7.020103376
          0,           0,         636,      -7.564213123,      -7.954214704,      -8.249599216,      -7.022610693
          0,           0,         637,      -7.566687707,      -7.955564431,       -8.25160119,      -7.025034058
          0,           0,         638,       -7.56912846,      -7.956855257,      -8.253678033,       -7.02739092
          0,           0,         639,      -7.571548246,      -7.958096913,      -8.255905201,      -7.029711521
          0,           0,         640,      -7.573924415,      -7.959292544,      -8.258239364,      -7.031997325
          0,           0,         641,      -7.576261023,      -7.960465893,      -8.260641696,      -7.034263195
          0,           0,         642,      -7.578589439,      -7.961652648,      -8.263101882,      -7.036539353
          0,           0,         643,      -7.580824574,      -7.962928262,      -8.265647125,      -7.038745268
          0,           0,         644,      -7.582969082,      -7.964280191,      -8.268381018,      -7.040912612
          0,           0,         645,      -7.585198009,       -7.96579804,      -8.271224985,      -7.043190103
          0,           0,         646,      -7.587637411,      -7.967484788,      -8.274158964,      -7.045657109
          0,           0,         647,      -7.590325977,      -7.969268427,      -8.277307132,      -7.048360882
          0,           0,         648,       -7.59322924,      -7.971160775,      -8.280757277,      -7.051283301
          0,           0,         649,       -7.59630252,      -7.973232624,      -8.284504556,      -7.054385531
          0,           0,         650,      -7.599520746,      -7.975544535,      -8.288488183,      -7.057640292
          0,           0,         651,       -7.60287629,      -7.978119551,       -8.29263882,      -7.061035806
          0,           0,         652,      -7.606367002,      -7.980950236,      -8.296899426,      -7.064566911
          0,           0,         653,       -7.60998915,      -7.984013111,      -8.301222971,      -7.068228306
          0,           0,         654,      -7.613735354,      -7.987277334,      -8.305566542,      -7.072011676
          0,           0,         655,      -7.617593624,      -7.990708644,      -8.309892882,      -7.075904034
          0,           0,         656,      -7.621546793,      -7.994272528,      -8.314176185,      -7.079887077
          0,           0,         657,      -7.625615049,      -7.997887239,       -8.31814088,      -7.083985092
          0,           0,         658,      -7.629752199,      -8.001548582,      -8.321700431,      -7.088146979
          0,           0,         659,      -7.633925035,      -8.005236738,      -8.324930349,      -7.092336532
          0,           0,         660,      -7.638113515,      -8.008930099,      -8.327961117,      -7.096535201
          0,           0,         661,      -7.642298656,       -8.01262022,      -8.330903107,      -7.100726354
          0,           0,         662,      -7.646464373,      -8.016308475,      -8.333840594,      -7.104895817
          0,           0,         663,      -7.650599063,      -8.019998646,       -8.33683877,      -7.109033535
          0,           0,         664,      -7.654697835,      -8.023692793,      -8.339949934,      -7.113136125
          0,           0,         665,      -7.658764073,      -8.027391468,      -8.343215028,      -7.117208434
          0,           0,         666,      -7.662809325,      -8.031096011,      -8.346662801,      -7.121263251
          0,           0,         667,      -7.666851962,      -8.034810741,      -8.350309633,      -7.125319845
          0,           0,         668,      -7.670915222,      -8.038543955,      -8.354161139,      -7.129401999
          0,           0,         669,      -7.675024886,      -8.042307685,      -8.358214836,        -7.1335357
          0,           0,         670,      -7.679206709,      -8.046116581,      -8.362462677,      -7.137746598
          0,           0,         671,      -7.683483914,      -8.049986368,      -8.366892809,      -7.142057527
          0,           0,         672,      -7.687875086,      -8.053932272,      -8.371490586,      -7.146486449
          0,           0,         673,      -7.692392765,      -8.057967649,      -8.376239423,      -7.151045106
          0,           0,         674,      -7.697042887,      -8.062102924,      -8.381121808,      -7.155738548
          0,           0,         675,      -7.701825065,      -8.066344888,      -8.386120431,      -7.160565503
          0,           0,         676,      -7.706733544,      -8.070696391,      -8.391219226,      -7.165519411
          0,           0,         677,      -7.711758599,      -8.075156413,      -8.396404118,      -7.170589891
          0,           0,         678,      -7.716888132,      -8.079720503,      -8.401663425,      -7.175764377
          0,           0,         679,      -7.722109255,      -8.084381481,      -8.406987958,      -7.181029712
          0,           0,         680,      -7.727409665,      -8.089130326,      -8.412370919,      -7.186373518
          0,           0,         681,      -7.732778726,      -8.093957112,      -8.417807699,      -7.191785252
          0,           0,         682,      -7.738208173,      -8.098851909,      -8.423295634,      -7.197256874
          0,           0,         683,      -7.743692462,      -8.103805568,      -8.428833767,      -7.202783157
          0,           0,         684,      -7.749228799,      -8.108810352,      -8.434422626,      -7.208361682
          0,           0,         685,      -7.754816936,      -8.113860374,      -8.440064015,      -7.213992603
          0,           0,         686,      -7.760458824,      -8.118951838,      -8.445760826,      -7.219678271
          0,           0,         687,      -7.766158207,        -8.1240831,      -8.451516864,      -7.225422815
          0,           0,         688,       -7.77192021,      -8.129254558,      -8.457336672,      -7.231231722
          0,           0,         689,      -7.777750974,      -8.134468427,      -8.463225367,      -7.237111462
          0,           0,         690,      -7.783657342,      -8.139728421,      -8.469188476,      -7.243069176
          0,           0,         691,      -7.789646596,      -8.145039392,      -8.475231775,      -7.249112412
          0,           0,         692,      -7.795726231,      -8.150406965,      -8.481361148,      -7.255248897
          0,           0,         693,       -7.80190375,      -8.155837183,      -8.487582447,      -7.261486338
          0,           0,         694,      -7.808186471,      -8.161336172,      -8.493901402,      -7.267832227
          0,           0,         695,       -7.81458134,      -8.166909928,      -8.500323456,      -7.274293653
          0,           0,         696,      -7.821094756,      -8.172564056,      -8.506853809,      -7.280877135
          0,           0,         697,      -7.827732429,      -8.178303608,      -8.513497344,      -7.287588484
          0,           0,         698,      -7.834499283,      -8.184132964,      -8.520258579,      -7.294432712
          0,           0,         699,      -7.841399431,       -8.19005577,      -8.527141701,      -7.301414016
          0,           0,         700,      -7.848436217,      -8.196074909,      -8.534150664,      -7.308535835
          0,           0,         701,      -7.855612349,      -8.202192526,      -8.541289282,      -7.315800989
          0,           0,         702,        -7.8629301,      -8.208410094,      -8.548561334,      -7.323211899
          0,           0,         703,      -7.870391562,       -8.21472852,      -8.555970663,      -7.330770842
          0,           0,         704,       -7.87799893,      -8.221148283,      -8.563521283,      -7.338480251
          0,           0,         705,      -7.885754775,      -8.227669596,      -8.571217465,      -7.346342989
          0,           0,         706,      -7.893662288,      -8.234292572,        -8.5790638,      -7.354362593
          0,           0,         707,      -7.901725454,      -8.241017395,       -8.58706524,      -7.362543455
          0,           0,         708,      -7.909949159,      -8.247844468,      -8.595227099,      -7.370890919
          0,           0,         709,      -7.918339205,      -8.254774531,      -8.603555031,      -7.379411296
          0,           0,         710,      -7.926902249,      -8.261808738,      -8.612054984,      -7.388111796
          0,           0,         711,      -7.935645682,      -8.268948686,      -8.620733132,      -7.397000414
          0,           0,         712,       -7.94457752,      -8.276196351,      -8.629595778,      -7.406085865
          0,           0,         713,      -7.953705978,      -8.283554234,      -8.638649393,      -7.415376965
          0,           0,         714,      -7.963039568,      -8.291024983,      -8.647900428,      -7.424882953
          0,           0,         715,      -7.972586851,      -8.298611476,      -8.657355368,      -7.434613173
          0,           0,         716,      -7.982356277,      -8.306316604,        -8.6670207,      -7.444576922
          0,           0,         717,      -7.992356135,      -8.314143143,      -8.676902849,      -7.454783402
          0,           0,         718,      -8.002594534,      -8.322093647,       -8.68700823,      -7.465241718
